primary_label,filename,scientific_name,class_name,latitude,longitude,is_amphibia
1139490,1139490/CSA36385.ogg,Ragoniella pulchella,Insecta,7.3206,-73.7128,False
1139490,1139490/CSA36389.ogg,Ragoniella pulchella,Insecta,7.3206,-73.7128,False
1192948,1192948/CSA36358.ogg,Oxyprora surinamensis,Insecta,7.3791,-73.7313,False
1192948,1192948/CSA36366.ogg,Oxyprora surinamensis,Insecta,7.28,-73.8582,False
1192948,1192948/CSA36373.ogg,Oxyprora surinamensis,Insecta,7.3791,-73.7313,False
1192948,1192948/CSA36388.ogg,Oxyprora surinamensis,Insecta,7.3791,-73.7313,False
1194042,1194042/CSA18783.ogg,Copiphora colombiae,Insecta,5.7892,-73.5504,False
1194042,1194042/CSA18794.ogg,Copiphora colombiae,Insecta,5.7892,-73.5504,False
1194042,1194042/CSA18802.ogg,Copiphora colombiae,Insecta,5.7892,-73.5504,False
126247,126247/XC941297.ogg,Leptodactylus insularum,Amphibia,9.0465,-79.3024,True
126247,126247/iNat1109254.ogg,Leptodactylus insularum,Amphibia,9.0465,-79.3024,True
126247,126247/iNat146584.ogg,Leptodactylus insularum,Amphibia,13.3852,-81.3704,True
126247,126247/iNat320679.ogg,Leptodactylus insularum,Amphibia,13.3482,-81.3576,True
126247,126247/iNat888527.ogg,Leptodactylus insularum,Amphibia,7.4197,-80.1606,True
126247,126247/iNat888729.ogg,Leptodactylus insularum,Amphibia,7.4197,-80.1606,True
1346504,1346504/CSA18784.ogg,Neoconocephalus brachypterus,Insecta,5.7892,-73.5504,False
1346504,1346504/CSA18791.ogg,Neoconocephalus brachypterus,Insecta,5.7892,-73.5504,False
1346504,1346504/CSA18792.ogg,Neoconocephalus brachypterus,Insecta,5.7892,-73.5504,False
1346504,1346504/CSA18793.ogg,Neoconocephalus brachypterus,Insecta,5.7892,-73.5504,False
1346504,1346504/CSA18803.ogg,Neoconocephalus brachypterus,Insecta,5.7892,-73.5504,False
134933,134933/XC941298.ogg,Espadarana prosoblepon,Amphibia,8.626,-80.1392,True
134933,134933/iNat1108984.ogg,Espadarana prosoblepon,Amphibia,8.626,-80.1392,True
134933,134933/iNat1160199.ogg,Espadarana prosoblepon,Amphibia,8.626,-80.1392,True
134933,134933/iNat859408.ogg,Espadarana prosoblepon,Amphibia,10.3639,-84.7898,True
135045,135045/iNat1122209.ogg,Andinobates opisthomelas,Amphibia,6.8819,-75.5274,True
135045,135045/iNat1207345.ogg,Andinobates opisthomelas,Amphibia,6.0515,-75.3823,True
135045,135045/iNat1207347.ogg,Andinobates opisthomelas,Amphibia,6.0515,-75.3823,True
135045,135045/iNat1208549.ogg,Andinobates opisthomelas,Amphibia,6.0461,-75.2901,True
135045,135045/iNat1208550.ogg,Andinobates opisthomelas,Amphibia,6.0424,-75.253,True
135045,135045/iNat1208551.ogg,Andinobates opisthomelas,Amphibia,6.1436,-75.3364,True
135045,135045/iNat1208552.ogg,Andinobates opisthomelas,Amphibia,6.0055,-75.3879,True
135045,135045/iNat1208572.ogg,Andinobates opisthomelas,Amphibia,6.0106,-75.3322,True
135045,135045/iNat327127.ogg,Andinobates opisthomelas,Amphibia,6.874,-75.3888,True
135045,135045/iNat48803.ogg,Andinobates opisthomelas,Amphibia,6.1779,-75.5752,True
1462711,1462711/CSA36371.ogg,Cocconotus aratifrons,Insecta,7.2625,-73.8207,False
1462711,1462711/CSA36379.ogg,Cocconotus aratifrons,Insecta,7.3842,-73.8456,False
1462711,1462711/CSA36390.ogg,Cocconotus aratifrons,Insecta,7.3842,-73.8456,False
1462737,1462737/CSA36341.ogg,Docidocercus fasciatus,Insecta,7.32,-73.7069,False
1462737,1462737/CSA36369.ogg,Docidocercus fasciatus,Insecta,7.3509,-73.8287,False
1462737,1462737/CSA36380.ogg,Docidocercus fasciatus,Insecta,7.3842,-73.8456,False
1462737,1462737/CSA36381.ogg,Docidocercus fasciatus,Insecta,7.3842,-73.8456,False
1462737,1462737/CSA36386.ogg,Docidocercus fasciatus,Insecta,7.3842,-73.8456,False
1462737,1462737/CSA36391.ogg,Docidocercus fasciatus,Insecta,7.3842,-73.8456,False
1462737,1462737/CSA36395.ogg,Docidocercus fasciatus,Insecta,7.3206,-73.7128,False
1564122,1564122/CSA34195.ogg,Daedadelus waehnerorum ,Insecta,-3.8333,-70.3333,False
1564122,1564122/CSA34196.ogg,Daedadelus waehnerorum ,Insecta,-3.8333,-70.3333,False
1564122,1564122/CSA34197.ogg,Daedadelus waehnerorum ,Insecta,-3.8333,-70.3333,False
1564122,1564122/CSA34198.ogg,Daedadelus waehnerorum ,Insecta,-3.8333,-70.3333,False
1564122,1564122/CSA34199.ogg,Daedadelus waehnerorum ,Insecta,-3.8333,-70.3333,False
1564122,1564122/CSA34200.ogg,Daedadelus waehnerorum ,Insecta,-3.8333,-70.3333,False
21038,21038/iNat297879.ogg,Colostethus inguinalis,Amphibia,6.3741,-74.6802,True
21038,21038/iNat65519.ogg,Colostethus inguinalis,Amphibia,9.892,-75.1912,True
21116,21116/iNat296867.ogg,Dendrobates truncatus,Amphibia,5.8604,-74.8877,True
21116,21116/iNat65520.ogg,Dendrobates truncatus,Amphibia,9.8882,-75.1882,True
21211,21211/XC882646.ogg,Allobates femoralis,Amphibia,None,None,True
21211,21211/XC882647.ogg,Allobates femoralis,Amphibia,None,None,True
21211,21211/XC882648.ogg,Allobates femoralis,Amphibia,None,None,True
21211,21211/XC882649.ogg,Allobates femoralis,Amphibia,None,None,True
21211,21211/XC882650.ogg,Allobates femoralis,Amphibia,None,None,True
21211,21211/XC882651.ogg,Allobates femoralis,Amphibia,None,None,True
21211,21211/XC882652.ogg,Allobates femoralis,Amphibia,-4.2443,-69.9264,True
21211,21211/XC882653.ogg,Allobates femoralis,Amphibia,None,None,True
21211,21211/XC882654.ogg,Allobates femoralis,Amphibia,0.8366,-51.8884,True
21211,21211/XC882655.ogg,Allobates femoralis,Amphibia,0.8366,-51.8884,True
21211,21211/XC882656.ogg,Allobates femoralis,Amphibia,None,None,True
21211,21211/XC882657.ogg,Allobates femoralis,Amphibia,None,None,True
21211,21211/XC882658.ogg,Allobates femoralis,Amphibia,-4.3811,-70.0448,True
21211,21211/XC882659.ogg,Allobates femoralis,Amphibia,-10.2097,-67.7092,True
21211,21211/XC896828.ogg,Allobates femoralis,Amphibia,3.9871,-52.5875,True
21211,21211/XC896832.ogg,Allobates femoralis,Amphibia,3.9871,-52.5875,True
21211,21211/XC896838.ogg,Allobates femoralis,Amphibia,3.9871,-52.5875,True
21211,21211/XC896839.ogg,Allobates femoralis,Amphibia,3.9871,-52.5875,True
21211,21211/XC896840.ogg,Allobates femoralis,Amphibia,3.9871,-52.5875,True
21211,21211/XC896855.ogg,Allobates femoralis,Amphibia,3.9871,-52.5875,True
21211,21211/XC896857.ogg,Allobates femoralis,Amphibia,3.9871,-52.5875,True
21211,21211/XC896860.ogg,Allobates femoralis,Amphibia,3.9871,-52.5875,True
21211,21211/XC896861.ogg,Allobates femoralis,Amphibia,3.9871,-52.5875,True
21211,21211/XC896863.ogg,Allobates femoralis,Amphibia,3.9871,-52.5875,True
21211,21211/XC913785.ogg,Allobates femoralis,Amphibia,4.0883,-52.6813,True
21211,21211/XC913809.ogg,Allobates femoralis,Amphibia,4.0883,-52.6813,True
21211,21211/XC913811.ogg,Allobates femoralis,Amphibia,4.0883,-52.6813,True
21211,21211/XC913839.ogg,Allobates femoralis,Amphibia,4.0891,-52.6816,True
21211,21211/XC913840.ogg,Allobates femoralis,Amphibia,4.0891,-52.6816,True
21211,21211/XC913858.ogg,Allobates femoralis,Amphibia,4.0891,-52.6816,True
21211,21211/XC913859.ogg,Allobates femoralis,Amphibia,4.0891,-52.6816,True
21211,21211/XC913880.ogg,Allobates femoralis,Amphibia,4.0895,-52.682,True
21211,21211/XC913881.ogg,Allobates femoralis,Amphibia,4.0895,-52.682,True
21211,21211/XC913886.ogg,Allobates femoralis,Amphibia,4.0895,-52.682,True
21211,21211/XC913887.ogg,Allobates femoralis,Amphibia,4.0895,-52.682,True
21211,21211/XC913893.ogg,Allobates femoralis,Amphibia,4.0895,-52.682,True
21211,21211/XC913894.ogg,Allobates femoralis,Amphibia,4.0895,-52.682,True
21211,21211/XC913976.ogg,Allobates femoralis,Amphibia,4.0916,-52.6858,True
21211,21211/XC913977.ogg,Allobates femoralis,Amphibia,4.0916,-52.6858,True
21211,21211/XC913978.ogg,Allobates femoralis,Amphibia,4.0916,-52.6858,True
21211,21211/XC913992.ogg,Allobates femoralis,Amphibia,4.0916,-52.6858,True
21211,21211/XC913997.ogg,Allobates femoralis,Amphibia,4.0916,-52.6858,True
21211,21211/XC913998.ogg,Allobates femoralis,Amphibia,4.0946,-52.6862,True
21211,21211/XC914005.ogg,Allobates femoralis,Amphibia,4.0946,-52.6862,True
21211,21211/XC914013.ogg,Allobates femoralis,Amphibia,4.0964,-52.6858,True
21211,21211/XC914025.ogg,Allobates femoralis,Amphibia,4.0964,-52.6858,True
21211,21211/XC914028.ogg,Allobates femoralis,Amphibia,4.0964,-52.6858,True
21211,21211/XC917437.ogg,Allobates femoralis,Amphibia,4.0889,-52.6742,True
21211,21211/XC917444.ogg,Allobates femoralis,Amphibia,4.0889,-52.6742,True
21211,21211/XC917465.ogg,Allobates femoralis,Amphibia,4.0889,-52.6742,True
21211,21211/XC917470.ogg,Allobates femoralis,Amphibia,4.0889,-52.6742,True
21211,21211/XC917471.ogg,Allobates femoralis,Amphibia,4.0889,-52.6742,True
21211,21211/XC920803.ogg,Allobates femoralis,Amphibia,4.0945,-52.6862,True
21211,21211/XC920868.ogg,Allobates femoralis,Amphibia,4.0425,-52.6779,True
21211,21211/XC920870.ogg,Allobates femoralis,Amphibia,4.0425,-52.6779,True
21211,21211/XC920872.ogg,Allobates femoralis,Amphibia,4.0425,-52.6779,True
21211,21211/XC920873.ogg,Allobates femoralis,Amphibia,4.0425,-52.6779,True
21211,21211/XC920881.ogg,Allobates femoralis,Amphibia,4.0425,-52.6779,True
21211,21211/XC920888.ogg,Allobates femoralis,Amphibia,4.0425,-52.6779,True
21211,21211/XC920892.ogg,Allobates femoralis,Amphibia,4.0425,-52.6779,True
21211,21211/XC925906.ogg,Allobates femoralis,Amphibia,4.0849,-52.6841,True
21211,21211/XC925907.ogg,Allobates femoralis,Amphibia,4.0849,-52.6841,True
21211,21211/XC925908.ogg,Allobates femoralis,Amphibia,4.0849,-52.6841,True
21211,21211/XC925925.ogg,Allobates femoralis,Amphibia,4.0849,-52.6841,True
21211,21211/XC928709.ogg,Allobates femoralis,Amphibia,3.6023,-53.26,True
21211,21211/XC928710.ogg,Allobates femoralis,Amphibia,3.6023,-53.26,True
21211,21211/XC928714.ogg,Allobates femoralis,Amphibia,3.6023,-53.26,True
21211,21211/XC934741.ogg,Allobates femoralis,Amphibia,5.2313,-52.8547,True
21211,21211/iNat1005762.ogg,Allobates femoralis,Amphibia,4.87,-52.3162,True
21211,21211/iNat359445.ogg,Allobates femoralis,Amphibia,-4.1323,-69.9548,True
21211,21211/iNat361221.ogg,Allobates femoralis,Amphibia,-4.1306,-69.9562,True
21211,21211/iNat361222.ogg,Allobates femoralis,Amphibia,-4.131,-69.9557,True
21211,21211/iNat597267.ogg,Allobates femoralis,Amphibia,-8.0523,-71.2039,True
21211,21211/iNat946486.ogg,Allobates femoralis,Amphibia,4.1042,-52.6225,True
21211,21211/iNat986383.ogg,Allobates femoralis,Amphibia,4.864,-52.3619,True
21211,21211/iNat998468.ogg,Allobates femoralis,Amphibia,4.8595,-52.3486,True
22333,22333/XC890507.ogg,Eleutherodactylus johnstonei,Amphibia,12.1205,-68.9658,True
22333,22333/XC894982.ogg,Eleutherodactylus johnstonei,Amphibia,12.1187,-68.2912,True
22333,22333/XC913746.ogg,Eleutherodactylus johnstonei,Amphibia,4.9122,-52.2701,True
22333,22333/XC949880.ogg,Eleutherodactylus johnstonei,Amphibia,5.3459,-72.4262,True
22333,22333/iNat1005729.ogg,Eleutherodactylus johnstonei,Amphibia,4.87,-52.3162,True
22333,22333/iNat1008712.ogg,Eleutherodactylus johnstonei,Amphibia,4.945,-52.3173,True
22333,22333/iNat1155704.ogg,Eleutherodactylus johnstonei,Amphibia,18.411,-77.1054,True
22333,22333/iNat1208354.ogg,Eleutherodactylus johnstonei,Amphibia,10.1846,-68.0075,True
22333,22333/iNat1236061.ogg,Eleutherodactylus johnstonei,Amphibia,3.4762,-76.5298,True
22333,22333/iNat1237389.ogg,Eleutherodactylus johnstonei,Amphibia,3.4576,-76.5359,True
22333,22333/iNat1237907.ogg,Eleutherodactylus johnstonei,Amphibia,3.4499,-76.5392,True
22333,22333/iNat1239167.ogg,Eleutherodactylus johnstonei,Amphibia,3.4574,-76.5357,True
22333,22333/iNat1241231.ogg,Eleutherodactylus johnstonei,Amphibia,3.4493,-76.5425,True
22333,22333/iNat1245802.ogg,Eleutherodactylus johnstonei,Amphibia,6.8169,-58.0763,True
22333,22333/iNat1273155.ogg,Eleutherodactylus johnstonei,Amphibia,3.2741,-76.5146,True
22333,22333/iNat1274792.ogg,Eleutherodactylus johnstonei,Amphibia,14.5522,-61.0536,True
22333,22333/iNat144601.ogg,Eleutherodactylus johnstonei,Amphibia,17.1699,-61.8015,True
22333,22333/iNat150110.ogg,Eleutherodactylus johnstonei,Amphibia,10.6505,-61.4068,True
22333,22333/iNat233716.ogg,Eleutherodactylus johnstonei,Amphibia,7.0205,-73.07,True
22333,22333/iNat255294.ogg,Eleutherodactylus johnstonei,Amphibia,10.661,-61.5171,True
22333,22333/iNat292304.ogg,Eleutherodactylus johnstonei,Amphibia,10.4803,-66.7944,True
22333,22333/iNat332150.ogg,Eleutherodactylus johnstonei,Amphibia,10.611,-61.3001,True
22333,22333/iNat344525.ogg,Eleutherodactylus johnstonei,Amphibia,12.0867,-68.898,True
22333,22333/iNat34849.ogg,Eleutherodactylus johnstonei,Amphibia,18.5226,-77.8579,True
22333,22333/iNat503234.ogg,Eleutherodactylus johnstonei,Amphibia,18.5239,-77.8343,True
22333,22333/iNat516995.ogg,Eleutherodactylus johnstonei,Amphibia,3.3419,-76.5306,True
22333,22333/iNat52742.ogg,Eleutherodactylus johnstonei,Amphibia,6.2386,-75.6059,True
22333,22333/iNat530453.ogg,Eleutherodactylus johnstonei,Amphibia,6.175,-75.5744,True
22333,22333/iNat532306.ogg,Eleutherodactylus johnstonei,Amphibia,4.9458,-52.304,True
22333,22333/iNat53679.ogg,Eleutherodactylus johnstonei,Amphibia,13.242,-59.6443,True
22333,22333/iNat54095.ogg,Eleutherodactylus johnstonei,Amphibia,18.4463,-78.0529,True
22333,22333/iNat554680.ogg,Eleutherodactylus johnstonei,Amphibia,16.2782,-61.802,True
22333,22333/iNat560488.ogg,Eleutherodactylus johnstonei,Amphibia,6.2414,-75.5958,True
22333,22333/iNat575726.ogg,Eleutherodactylus johnstonei,Amphibia,12.0855,-68.8742,True
22333,22333/iNat575727.ogg,Eleutherodactylus johnstonei,Amphibia,12.0855,-68.8742,True
22333,22333/iNat576377.ogg,Eleutherodactylus johnstonei,Amphibia,13.8636,-61.053,True
22333,22333/iNat578290.ogg,Eleutherodactylus johnstonei,Amphibia,12.0916,-68.9053,True
22333,22333/iNat579714.ogg,Eleutherodactylus johnstonei,Amphibia,17.0763,-61.8873,True
22333,22333/iNat585061.ogg,Eleutherodactylus johnstonei,Amphibia,14.09,-60.9583,True
22333,22333/iNat758022.ogg,Eleutherodactylus johnstonei,Amphibia,10.4819,-66.8416,True
22333,22333/iNat815140.ogg,Eleutherodactylus johnstonei,Amphibia,17.0994,-61.6921,True
22333,22333/iNat867912.ogg,Eleutherodactylus johnstonei,Amphibia,3.6563,-76.5719,True
22333,22333/iNat894924.ogg,Eleutherodactylus johnstonei,Amphibia,13.821,-61.0493,True
22333,22333/iNat943181.ogg,Eleutherodactylus johnstonei,Amphibia,12.1205,-68.9658,True
22333,22333/iNat976527.ogg,Eleutherodactylus johnstonei,Amphibia,3.3684,-76.546,True
22333,22333/iNat983570.ogg,Eleutherodactylus johnstonei,Amphibia,4.9122,-52.2696,True
22333,22333/iNat987253.ogg,Eleutherodactylus johnstonei,Amphibia,4.9481,-52.3018,True
22973,22973/XC167037.ogg,Leptodactylus fuscus,Amphibia,3.8284,-67.902,True
22973,22973/XC882793.ogg,Leptodactylus fuscus,Amphibia,5.803,-56.2046,True
22973,22973/XC882794.ogg,Leptodactylus fuscus,Amphibia,5.803,-56.2046,True
22973,22973/XC882795.ogg,Leptodactylus fuscus,Amphibia,5.803,-56.2046,True
22973,22973/XC882796.ogg,Leptodactylus fuscus,Amphibia,5.803,-56.2046,True
22973,22973/XC882797.ogg,Leptodactylus fuscus,Amphibia,-3.1711,-60.1279,True
22973,22973/XC882798.ogg,Leptodactylus fuscus,Amphibia,None,None,True
22973,22973/XC892927.ogg,Leptodactylus fuscus,Amphibia,11.1631,-60.827,True
22973,22973/XC892932.ogg,Leptodactylus fuscus,Amphibia,10.6144,-61.2238,True
22973,22973/XC915924.ogg,Leptodactylus fuscus,Amphibia,4.0744,-73.5829,True
22973,22973/XC928991.ogg,Leptodactylus fuscus,Amphibia,6.8064,-58.1452,True
22973,22973/XC929100.ogg,Leptodactylus fuscus,Amphibia,5.3779,-53.0008,True
22973,22973/XC929101.ogg,Leptodactylus fuscus,Amphibia,5.831,-55.2009,True
22973,22973/iNat1099468.ogg,Leptodactylus fuscus,Amphibia,10.6602,-61.3567,True
22973,22973/iNat1243033.ogg,Leptodactylus fuscus,Amphibia,-18.9993,-49.4617,True
22973,22973/iNat1243080.ogg,Leptodactylus fuscus,Amphibia,-18.9126,-50.6548,True
22973,22973/iNat1251026.ogg,Leptodactylus fuscus,Amphibia,7.738,-76.6982,True
22973,22973/iNat1257590.ogg,Leptodactylus fuscus,Amphibia,-25.8576,-53.9757,True
22973,22973/iNat154035.ogg,Leptodactylus fuscus,Amphibia,-22.4093,-47.5421,True
22973,22973/iNat157085.ogg,Leptodactylus fuscus,Amphibia,-22.371,-47.5224,True
22973,22973/iNat218912.ogg,Leptodactylus fuscus,Amphibia,10.6531,-61.4196,True
22973,22973/iNat28425.ogg,Leptodactylus fuscus,Amphibia,-29.5093,-55.6369,True
22973,22973/iNat287261.ogg,Leptodactylus fuscus,Amphibia,10.6531,-61.4196,True
22973,22973/iNat28982.ogg,Leptodactylus fuscus,Amphibia,10.6144,-61.2238,True
22973,22973/iNat29017.ogg,Leptodactylus fuscus,Amphibia,11.1631,-60.827,True
22973,22973/iNat318716.ogg,Leptodactylus fuscus,Amphibia,10.2052,-61.3103,True
22973,22973/iNat326854.ogg,Leptodactylus fuscus,Amphibia,-28.0679,-56.0338,True
22973,22973/iNat326860.ogg,Leptodactylus fuscus,Amphibia,-28.0681,-56.0338,True
22973,22973/iNat326966.ogg,Leptodactylus fuscus,Amphibia,-27.3788,-55.6436,True
22973,22973/iNat327135.ogg,Leptodactylus fuscus,Amphibia,7.2421,-76.4389,True
22973,22973/iNat331404.ogg,Leptodactylus fuscus,Amphibia,-15.8263,-48.7697,True
22973,22973/iNat343840.ogg,Leptodactylus fuscus,Amphibia,-2.4904,-44.2422,True
22973,22973/iNat348132.ogg,Leptodactylus fuscus,Amphibia,-23.5476,-47.549,True
22973,22973/iNat348440.ogg,Leptodactylus fuscus,Amphibia,-23.5468,-47.549,True
22973,22973/iNat348441.ogg,Leptodactylus fuscus,Amphibia,-23.5468,-47.549,True
22973,22973/iNat502463.ogg,Leptodactylus fuscus,Amphibia,5.3545,-72.402,True
22973,22973/iNat556448.ogg,Leptodactylus fuscus,Amphibia,1.8762,-76.0516,True
22973,22973/iNat576552.ogg,Leptodactylus fuscus,Amphibia,-21.368,-47.3052,True
22973,22973/iNat581610.ogg,Leptodactylus fuscus,Amphibia,-23.547,-47.5493,True
22973,22973/iNat583590.ogg,Leptodactylus fuscus,Amphibia,-23.4751,-48.6713,True
22973,22973/iNat583591.ogg,Leptodactylus fuscus,Amphibia,-23.4751,-48.6713,True
22973,22973/iNat58920.ogg,Leptodactylus fuscus,Amphibia,-3.083,-59.9812,True
22973,22973/iNat599374.ogg,Leptodactylus fuscus,Amphibia,-22.4151,-47.5773,True
22973,22973/iNat599375.ogg,Leptodactylus fuscus,Amphibia,-22.4151,-47.5773,True
22973,22973/iNat630711.ogg,Leptodactylus fuscus,Amphibia,4.2647,-74.8271,True
22973,22973/iNat726873.ogg,Leptodactylus fuscus,Amphibia,11.152,-60.7825,True
22973,22973/iNat839779.ogg,Leptodactylus fuscus,Amphibia,-25.7876,-53.6448,True
22973,22973/iNat859872.ogg,Leptodactylus fuscus,Amphibia,-20.3016,-44.0975,True
22973,22973/iNat870999.ogg,Leptodactylus fuscus,Amphibia,-22.851,-45.2388,True
22973,22973/iNat879832.ogg,Leptodactylus fuscus,Amphibia,-20.7015,-41.0918,True
22973,22973/iNat879833.ogg,Leptodactylus fuscus,Amphibia,-20.7015,-41.0918,True
22973,22973/iNat887102.ogg,Leptodactylus fuscus,Amphibia,-23.5602,-46.7234,True
22973,22973/iNat992788.ogg,Leptodactylus fuscus,Amphibia,4.8238,-52.3673,True
22976,22976/XC893971.ogg,Leptodactylus fragilis,Amphibia,8.7193,-83.1649,True
22976,22976/XC893972.ogg,Leptodactylus fragilis,Amphibia,20.4215,-88.4714,True
22976,22976/XC935710.ogg,Leptodactylus fragilis,Amphibia,None,None,True
22976,22976/iNat1022191.ogg,Leptodactylus fragilis,Amphibia,13.9587,-88.1323,True
22976,22976/iNat103569.ogg,Leptodactylus fragilis,Amphibia,21.1547,-89.6359,True
22976,22976/iNat1109157.ogg,Leptodactylus fragilis,Amphibia,9.0492,-79.3018,True
22976,22976/iNat1112338.ogg,Leptodactylus fragilis,Amphibia,9.1203,-79.6961,True
22976,22976/iNat1190292.ogg,Leptodactylus fragilis,Amphibia,8.986,-79.5471,True
22976,22976/iNat1192434.ogg,Leptodactylus fragilis,Amphibia,26.5727,-99.1118,True
22976,22976/iNat1199997.ogg,Leptodactylus fragilis,Amphibia,9.1639,-79.5735,True
22976,22976/iNat1208974.ogg,Leptodactylus fragilis,Amphibia,8.8977,-79.5816,True
22976,22976/iNat1226844.ogg,Leptodactylus fragilis,Amphibia,12.5211,-81.7157,True
22976,22976/iNat132256.ogg,Leptodactylus fragilis,Amphibia,13.3007,-88.5523,True
22976,22976/iNat132257.ogg,Leptodactylus fragilis,Amphibia,13.3006,-88.5524,True
22976,22976/iNat134883.ogg,Leptodactylus fragilis,Amphibia,9.1205,-79.7038,True
22976,22976/iNat141097.ogg,Leptodactylus fragilis,Amphibia,26.5035,-98.9858,True
22976,22976/iNat141098.ogg,Leptodactylus fragilis,Amphibia,26.4025,-98.826,True
22976,22976/iNat141099.ogg,Leptodactylus fragilis,Amphibia,26.4552,-98.8027,True
22976,22976/iNat222390.ogg,Leptodactylus fragilis,Amphibia,21.0783,-89.6353,True
22976,22976/iNat226804.ogg,Leptodactylus fragilis,Amphibia,9.3899,-84.146,True
22976,22976/iNat236359.ogg,Leptodactylus fragilis,Amphibia,8.9133,-79.708,True
22976,22976/iNat258473.ogg,Leptodactylus fragilis,Amphibia,21.0826,-89.6592,True
22976,22976/iNat270309.ogg,Leptodactylus fragilis,Amphibia,26.5845,-98.8025,True
22976,22976/iNat27238.ogg,Leptodactylus fragilis,Amphibia,10.4124,-84.3843,True
22976,22976/iNat27239.ogg,Leptodactylus fragilis,Amphibia,20.4215,-88.4714,True
22976,22976/iNat279584.ogg,Leptodactylus fragilis,Amphibia,18.5197,-89.8287,True
22976,22976/iNat311367.ogg,Leptodactylus fragilis,Amphibia,21.0246,-89.5491,True
22976,22976/iNat32633.ogg,Leptodactylus fragilis,Amphibia,17.2323,-88.7859,True
22976,22976/iNat399872.ogg,Leptodactylus fragilis,Amphibia,20.7533,-89.5596,True
22976,22976/iNat48797.ogg,Leptodactylus fragilis,Amphibia,5.8884,-75.1486,True
22976,22976/iNat502474.ogg,Leptodactylus fragilis,Amphibia,9.119,-79.7136,True
22976,22976/iNat523344.ogg,Leptodactylus fragilis,Amphibia,9.3919,-84.1483,True
22976,22976/iNat523345.ogg,Leptodactylus fragilis,Amphibia,9.392,-84.1481,True
22976,22976/iNat523346.ogg,Leptodactylus fragilis,Amphibia,9.3919,-84.1485,True
22976,22976/iNat533201.ogg,Leptodactylus fragilis,Amphibia,9.0025,-79.5803,True
22976,22976/iNat567927.ogg,Leptodactylus fragilis,Amphibia,8.6036,-82.6502,True
22976,22976/iNat583735.ogg,Leptodactylus fragilis,Amphibia,8.7193,-83.1649,True
22976,22976/iNat585685.ogg,Leptodactylus fragilis,Amphibia,9.6415,-85.1653,True
22976,22976/iNat599139.ogg,Leptodactylus fragilis,Amphibia,9.0945,-79.3777,True
22976,22976/iNat630710.ogg,Leptodactylus fragilis,Amphibia,4.2647,-74.8271,True
22976,22976/iNat687624.ogg,Leptodactylus fragilis,Amphibia,8.98,-79.5619,True
22976,22976/iNat77271.ogg,Leptodactylus fragilis,Amphibia,8.5203,-82.609,True
22976,22976/iNat843264.ogg,Leptodactylus fragilis,Amphibia,10.159,-85.8064,True
22976,22976/iNat858189.ogg,Leptodactylus fragilis,Amphibia,9.1199,-79.5335,True
24272,24272/XC882885.ogg,Smilisca phaeota,Amphibia,0.8834,-78.4996,True
24272,24272/XC893991.ogg,Smilisca phaeota,Amphibia,10.3654,-84.3821,True
24272,24272/iNat341657.ogg,Smilisca phaeota,Amphibia,8.7151,-80.0058,True
24272,24272/iNat715387.ogg,Smilisca phaeota,Amphibia,8.8036,-82.9561,True
24272,24272/iNat901214.ogg,Smilisca phaeota,Amphibia,9.8321,-83.5641,True
24272,24272/iNat956047.ogg,Smilisca phaeota,Amphibia,10.3654,-84.3821,True
24292,24292/CSA34649.ogg,Scinax rostratus,Amphibia,3.872,-73.5841,True
24292,24292/CSA34651.ogg,Scinax rostratus,Amphibia,3.872,-73.5841,True
24292,24292/CSA35021.ogg,Scinax rostratus,Amphibia,7.3954,-73.8594,True
24322,24322/XC882877.ogg,Scinax ruber,Amphibia,None,None,True
24322,24322/XC882878.ogg,Scinax ruber,Amphibia,5.803,-56.2046,True
24322,24322/XC882879.ogg,Scinax ruber,Amphibia,None,None,True
24322,24322/XC882880.ogg,Scinax ruber,Amphibia,4.8831,-52.3464,True
24322,24322/XC882881.ogg,Scinax ruber,Amphibia,-0.0477,-77.5269,True
24322,24322/XC915926.ogg,Scinax ruber,Amphibia,4.0744,-73.5829,True
24322,24322/XC929063.ogg,Scinax ruber,Amphibia,0.9908,-51.3459,True
24322,24322/iNat1008711.ogg,Scinax ruber,Amphibia,4.945,-52.3176,True
24322,24322/iNat146544.ogg,Scinax ruber,Amphibia,4.8871,-52.2787,True
24322,24322/iNat319465.ogg,Scinax ruber,Amphibia,-3.0914,-59.9895,True
24322,24322/iNat410786.ogg,Scinax ruber,Amphibia,10.6848,-61.2894,True
24322,24322/iNat440404.ogg,Scinax ruber,Amphibia,10.6848,-61.2894,True
24322,24322/iNat934849.ogg,Scinax ruber,Amphibia,5.1021,-54.5502,True
41663,41663/XC144437.ogg,Procyon lotor,Mammalia,41.1987,-73.8832,False
41663,41663/XC697007.ogg,Procyon lotor,Mammalia,49.1523,2.3752,False
41663,41663/XC961783.ogg,Procyon lotor,Mammalia,40.0038,-75.045,False
41663,41663/iNat1001216.ogg,Procyon lotor,Mammalia,36.3178,-82.3219,False
41663,41663/iNat1025799.ogg,Procyon lotor,Mammalia,45.1746,-75.8284,False
41663,41663/iNat1026967.ogg,Procyon lotor,Mammalia,42.0655,-76.152,False
41663,41663/iNat1059575.ogg,Procyon lotor,Mammalia,39.5244,-79.8177,False
41663,41663/iNat1064354.ogg,Procyon lotor,Mammalia,44.9343,-66.9322,False
41663,41663/iNat1088350.ogg,Procyon lotor,Mammalia,42.6216,-85.4787,False
41663,41663/iNat1088351.ogg,Procyon lotor,Mammalia,42.6216,-85.4787,False
41663,41663/iNat1102503.ogg,Procyon lotor,Mammalia,40.7322,-73.7402,False
41663,41663/iNat1104877.ogg,Procyon lotor,Mammalia,30.5946,-103.9363,False
41663,41663/iNat1105534.ogg,Procyon lotor,Mammalia,32.7724,-116.9195,False
41663,41663/iNat110660.ogg,Procyon lotor,Mammalia,43.9721,-79.2399,False
41663,41663/iNat1123371.ogg,Procyon lotor,Mammalia,45.0587,-64.762,False
41663,41663/iNat1127617.ogg,Procyon lotor,Mammalia,42.4856,-88.8306,False
41663,41663/iNat1138836.ogg,Procyon lotor,Mammalia,48.7247,-122.3529,False
41663,41663/iNat1143361.ogg,Procyon lotor,Mammalia,35.2071,-106.6328,False
41663,41663/iNat1148293.ogg,Procyon lotor,Mammalia,46.8702,-109.288,False
41663,41663/iNat1158378.ogg,Procyon lotor,Mammalia,47.4701,-122.6372,False
41663,41663/iNat115920.ogg,Procyon lotor,Mammalia,44.0145,-93.2801,False
41663,41663/iNat1187502.ogg,Procyon lotor,Mammalia,49.6044,-117.1258,False
41663,41663/iNat1198033.ogg,Procyon lotor,Mammalia,35.9623,-81.1204,False
41663,41663/iNat119976.ogg,Procyon lotor,Mammalia,41.0051,-74.0366,False
41663,41663/iNat1215114.ogg,Procyon lotor,Mammalia,38.7813,-90.837,False
41663,41663/iNat1220687.ogg,Procyon lotor,Mammalia,43.0521,-89.4386,False
41663,41663/iNat1230702.ogg,Procyon lotor,Mammalia,34.1463,-118.0202,False
41663,41663/iNat1240391.ogg,Procyon lotor,Mammalia,45.5643,-123.9172,False
41663,41663/iNat1240392.ogg,Procyon lotor,Mammalia,45.5643,-123.9172,False
41663,41663/iNat124707.ogg,Procyon lotor,Mammalia,37.4522,-122.2355,False
41663,41663/iNat1247603.ogg,Procyon lotor,Mammalia,41.87,-72.6072,False
41663,41663/iNat1258651.ogg,Procyon lotor,Mammalia,49.288,-123.1431,False
41663,41663/iNat126448.ogg,Procyon lotor,Mammalia,44.6376,-91.6981,False
41663,41663/iNat1277094.ogg,Procyon lotor,Mammalia,45.7612,-73.7027,False
41663,41663/iNat135564.ogg,Procyon lotor,Mammalia,40.1065,-85.5498,False
41663,41663/iNat140497.ogg,Procyon lotor,Mammalia,37.3296,-121.9364,False
41663,41663/iNat160963.ogg,Procyon lotor,Mammalia,44.677,-63.5501,False
41663,41663/iNat173251.ogg,Procyon lotor,Mammalia,42.4876,-71.3935,False
41663,41663/iNat181697.ogg,Procyon lotor,Mammalia,45.1558,-75.8587,False
41663,41663/iNat214017.ogg,Procyon lotor,Mammalia,37.8529,-95.412,False
41663,41663/iNat222399.ogg,Procyon lotor,Mammalia,37.4335,-94.6182,False
41663,41663/iNat227396.ogg,Procyon lotor,Mammalia,43.4325,-79.729,False
41663,41663/iNat246272.ogg,Procyon lotor,Mammalia,44.2584,-72.5739,False
41663,41663/iNat262940.ogg,Procyon lotor,Mammalia,42.4365,-72.5225,False
41663,41663/iNat287461.ogg,Procyon lotor,Mammalia,43.7901,-79.5168,False
41663,41663/iNat290712.ogg,Procyon lotor,Mammalia,44.3611,-79.3738,False
41663,41663/iNat307417.ogg,Procyon lotor,Mammalia,44.3663,-79.7543,False
41663,41663/iNat313992.ogg,Procyon lotor,Mammalia,40.7418,-73.8144,False
41663,41663/iNat31509.ogg,Procyon lotor,Mammalia,40.86,-73.9345,False
41663,41663/iNat316038.ogg,Procyon lotor,Mammalia,22.2769,-97.7967,False
41663,41663/iNat329514.ogg,Procyon lotor,Mammalia,30.699,-97.7994,False
41663,41663/iNat337777.ogg,Procyon lotor,Mammalia,40.729,-73.7654,False
41663,41663/iNat348730.ogg,Procyon lotor,Mammalia,40.7361,-73.7591,False
41663,41663/iNat357966.ogg,Procyon lotor,Mammalia,35.2711,-93.1375,False
41663,41663/iNat358156.ogg,Procyon lotor,Mammalia,40.7467,-73.742,False
41663,41663/iNat358212.ogg,Procyon lotor,Mammalia,40.7469,-73.7421,False
41663,41663/iNat370369.ogg,Procyon lotor,Mammalia,38.4557,-122.7357,False
41663,41663/iNat372425.ogg,Procyon lotor,Mammalia,40.7346,-73.7618,False
41663,41663/iNat382025.ogg,Procyon lotor,Mammalia,40.7385,-73.7447,False
41663,41663/iNat41507.ogg,Procyon lotor,Mammalia,43.6275,-76.174,False
41663,41663/iNat426532.ogg,Procyon lotor,Mammalia,41.376,-81.6641,False
41663,41663/iNat44038.ogg,Procyon lotor,Mammalia,38.7252,-76.7923,False
41663,41663/iNat461258.ogg,Procyon lotor,Mammalia,43.9775,-80.0016,False
41663,41663/iNat480453.ogg,Procyon lotor,Mammalia,44.2568,-72.5731,False
41663,41663/iNat482041.ogg,Procyon lotor,Mammalia,44.7721,-76.2301,False
41663,41663/iNat488163.ogg,Procyon lotor,Mammalia,44.3312,-79.2812,False
41663,41663/iNat52174.ogg,Procyon lotor,Mammalia,42.0852,-70.7979,False
41663,41663/iNat52175.ogg,Procyon lotor,Mammalia,42.0852,-70.7979,False
41663,41663/iNat524625.ogg,Procyon lotor,Mammalia,44.5171,-80.2621,False
41663,41663/iNat530125.ogg,Procyon lotor,Mammalia,42.3848,-76.5009,False
41663,41663/iNat530126.ogg,Procyon lotor,Mammalia,42.3848,-76.5009,False
41663,41663/iNat550890.ogg,Procyon lotor,Mammalia,40.0508,-105.1812,False
41663,41663/iNat558840.ogg,Procyon lotor,Mammalia,48.4662,-123.3432,False
41663,41663/iNat565772.ogg,Procyon lotor,Mammalia,40.7738,-73.7916,False
41663,41663/iNat565773.ogg,Procyon lotor,Mammalia,40.7738,-73.7916,False
41663,41663/iNat590973.ogg,Procyon lotor,Mammalia,49.3141,-123.074,False
41663,41663/iNat605767.ogg,Procyon lotor,Mammalia,49.1545,-125.9068,False
41663,41663/iNat634671.ogg,Procyon lotor,Mammalia,30.2731,-97.8329,False
41663,41663/iNat65677.ogg,Procyon lotor,Mammalia,41.8942,-72.6347,False
41663,41663/iNat679506.ogg,Procyon lotor,Mammalia,39.1536,-86.5209,False
41663,41663/iNat70154.ogg,Procyon lotor,Mammalia,44.6772,-63.5499,False
41663,41663/iNat709210.ogg,Procyon lotor,Mammalia,39.0377,-77.0199,False
41663,41663/iNat722167.ogg,Procyon lotor,Mammalia,43.429,-80.5703,False
41663,41663/iNat731222.ogg,Procyon lotor,Mammalia,41.0701,-73.9344,False
41663,41663/iNat736140.ogg,Procyon lotor,Mammalia,42.08,-75.9844,False
41663,41663/iNat738014.ogg,Procyon lotor,Mammalia,40.8424,-75.4069,False
41663,41663/iNat74306.ogg,Procyon lotor,Mammalia,38.9699,-95.249,False
41663,41663/iNat74307.ogg,Procyon lotor,Mammalia,38.9699,-95.249,False
41663,41663/iNat74627.ogg,Procyon lotor,Mammalia,38.7833,-77.071,False
41663,41663/iNat74628.ogg,Procyon lotor,Mammalia,38.7833,-77.071,False
41663,41663/iNat74629.ogg,Procyon lotor,Mammalia,38.7833,-77.071,False
41663,41663/iNat76981.ogg,Procyon lotor,Mammalia,38.7835,-77.0711,False
41663,41663/iNat786010.ogg,Procyon lotor,Mammalia,43.0684,-77.4075,False
41663,41663/iNat808880.ogg,Procyon lotor,Mammalia,49.3359,-123.0757,False
41663,41663/iNat839812.ogg,Procyon lotor,Mammalia,34.2129,-118.1864,False
41663,41663/iNat839813.ogg,Procyon lotor,Mammalia,34.2129,-118.1864,False
41663,41663/iNat840746.ogg,Procyon lotor,Mammalia,43.6975,-73.0309,False
41663,41663/iNat841035.ogg,Procyon lotor,Mammalia,43.6895,-73.0334,False
41663,41663/iNat846727.ogg,Procyon lotor,Mammalia,49.0604,-122.253,False
41663,41663/iNat846728.ogg,Procyon lotor,Mammalia,49.0604,-122.2529,False
41663,41663/iNat853280.ogg,Procyon lotor,Mammalia,45.0349,-93.171,False
41663,41663/iNat85594.ogg,Procyon lotor,Mammalia,41.577,-73.4085,False
41663,41663/iNat860055.ogg,Procyon lotor,Mammalia,43.6532,-79.3832,False
41663,41663/iNat871030.ogg,Procyon lotor,Mammalia,45.1724,-76.253,False
41663,41663/iNat89022.ogg,Procyon lotor,Mammalia,38.9699,-95.249,False
41663,41663/iNat895793.ogg,Procyon lotor,Mammalia,38.8587,-77.0844,False
41663,41663/iNat911200.ogg,Procyon lotor,Mammalia,29.409,-98.4908,False
41663,41663/iNat926814.ogg,Procyon lotor,Mammalia,48.7722,-122.3985,False
41778,41778/XC959831.ogg,Lontra longicaudis,Mammalia,-16.362,-39.1705,False
41778,41778/iNat256586.ogg,Lontra longicaudis,Mammalia,8.649,-82.2873,False
41970,41970/XC564865.ogg,Panthera onca,Mammalia,-1.7939,-77.8101,False
41970,41970/XC564866.ogg,Panthera onca,Mammalia,-1.7939,-77.8101,False
41970,41970/XC564867.ogg,Panthera onca,Mammalia,-1.7939,-77.8101,False
41970,41970/XC564868.ogg,Panthera onca,Mammalia,-1.7939,-77.8101,False
41970,41970/XC564869.ogg,Panthera onca,Mammalia,-1.7939,-77.8101,False
41970,41970/XC564870.ogg,Panthera onca,Mammalia,-1.7939,-77.8101,False
41970,41970/XC564871.ogg,Panthera onca,Mammalia,-1.7939,-77.8101,False
41970,41970/XC564872.ogg,Panthera onca,Mammalia,-1.7939,-77.8101,False
41970,41970/XC564880.ogg,Panthera onca,Mammalia,-1.7939,-77.8101,False
41970,41970/XC564885.ogg,Panthera onca,Mammalia,-1.7939,-77.8101,False
41970,41970/XC564888.ogg,Panthera onca,Mammalia,-1.7939,-77.8101,False
41970,41970/iNat1015847.ogg,Panthera onca,Mammalia,17.8917,-89.5484,False
41970,41970/iNat1015848.ogg,Panthera onca,Mammalia,17.8917,-89.5484,False
41970,41970/iNat1226073.ogg,Panthera onca,Mammalia,-3.3431,-72.8819,False
41970,41970/iNat327629.ogg,Panthera onca,Mammalia,16.383,-90.4697,False
42007,42007/iNat106462.ogg,Puma concolor,Mammalia,54.5721,-110.0235,False
42007,42007/iNat1167292.ogg,Puma concolor,Mammalia,None,None,False
42007,42007/iNat1167295.ogg,Puma concolor,Mammalia,None,None,False
42007,42007/iNat1189983.ogg,Puma concolor,Mammalia,38.6796,-120.9923,False
42007,42007/iNat1241987.ogg,Puma concolor,Mammalia,34.2324,-118.7874,False
42007,42007/iNat141493.ogg,Puma concolor,Mammalia,36.4891,-121.7214,False
42007,42007/iNat15105.ogg,Puma concolor,Mammalia,31.8791,-109.1789,False
42007,42007/iNat177093.ogg,Puma concolor,Mammalia,36.4361,-121.7721,False
42007,42007/iNat464817.ogg,Puma concolor,Mammalia,49.5868,-117.2399,False
42007,42007/iNat500217.ogg,Puma concolor,Mammalia,47.8355,-108.4774,False
42007,42007/iNat606213.ogg,Puma concolor,Mammalia,23.7995,-110.1143,False
42007,42007/iNat606214.ogg,Puma concolor,Mammalia,23.7995,-110.1143,False
42007,42007/iNat606215.ogg,Puma concolor,Mammalia,23.7995,-110.1143,False
42007,42007/iNat841400.ogg,Puma concolor,Mammalia,49.5926,-117.2583,False
42007,42007/iNat841408.ogg,Puma concolor,Mammalia,49.5926,-117.2583,False
42007,42007/iNat878627.ogg,Puma concolor,Mammalia,31.6531,-110.1791,False
42007,42007/iNat968957.ogg,Puma concolor,Mammalia,34.6648,-111.7285,False
42007,42007/iNat987921.ogg,Puma concolor,Mammalia,49.6811,-124.8908,False
42007,42007/iNat987929.ogg,Puma concolor,Mammalia,49.6811,-124.8908,False
42087,42087/iNat155127.ogg,Cerdocyon thous,Mammalia,-25.7566,-48.7246,False
42087,42087/iNat860016.ogg,Cerdocyon thous,Mammalia,-7.436,-36.3344,False
42113,42113/iNat55456.ogg,Pecari tajacu,Mammalia,31.5407,-110.7582,False
42113,42113/iNat557906.ogg,Pecari tajacu,Mammalia,-23.4912,-46.5216,False
46010,46010/XC961102.ogg,Sciurus granatensis,Mammalia,9.8181,-83.576,False
46010,46010/iNat167113.ogg,Sciurus granatensis,Mammalia,9.394,-70.347,False
46010,46010/iNat247099.ogg,Sciurus granatensis,Mammalia,8.819,-82.4885,False
46010,46010/iNat579430.ogg,Sciurus granatensis,Mammalia,11.1009,-74.0721,False
46010,46010/iNat913511.ogg,Sciurus granatensis,Mammalia,8.575,-71.1852,False
47067,47067/iNat1255120.ogg,Bradypus variegatus,Mammalia,9.3923,-84.137,False
47067,47067/iNat68676.ogg,Bradypus variegatus,Mammalia,8.1072,-77.733,False
476537,476537/CSA35459.ogg,Elachistocleis pearsei,Amphibia,7.0911,-73.8756,True
476537,476537/CSA35461.ogg,Elachistocleis pearsei,Amphibia,7.0911,-73.8756,True
476538,476538/XC926710.ogg,Elachistocleis panamensis,Amphibia,9.0709,-79.2983,True
476538,476538/iNat1109247.ogg,Elachistocleis panamensis,Amphibia,9.0709,-79.2983,True
476538,476538/iNat955995.ogg,Elachistocleis panamensis,Amphibia,9.1208,-79.7041,True
476538,476538/iNat955998.ogg,Elachistocleis panamensis,Amphibia,9.1208,-79.7041,True
476538,476538/iNat955999.ogg,Elachistocleis panamensis,Amphibia,9.1208,-79.7041,True
48124,48124/CSA03598.ogg,Tettigoniidae,Insecta,5.6521,73.5077,False
48124,48124/CSA18785.ogg,Tettigoniidae,Insecta,5.7892,-73.5504,False
48124,48124/CSA18795.ogg,Tettigoniidae,Insecta,5.7892,-73.5504,False
48124,48124/CSA18798.ogg,Tettigoniidae,Insecta,5.7892,-73.5504,False
48124,48124/CSA34485.ogg,Tettigoniidae,Insecta,3.5732,-76.5809,False
48124,48124/CSA35111.ogg,Tettigoniidae,Insecta,7.314,-73.9001,False
48124,48124/CSA35116.ogg,Tettigoniidae,Insecta,7.3515,-73.8261,False
48124,48124/CSA35118.ogg,Tettigoniidae,Insecta,7.3515,-73.8261,False
48124,48124/CSA35157.ogg,Tettigoniidae,Insecta,7.247,-73.8732,False
48124,48124/CSA35160.ogg,Tettigoniidae,Insecta,7.3406,-73.8528,False
48124,48124/CSA35173.ogg,Tettigoniidae,Insecta,7.2378,-73.8234,False
48124,48124/CSA35179.ogg,Tettigoniidae,Insecta,7.3489,-73.899,False
48124,48124/CSA35181.ogg,Tettigoniidae,Insecta,7.3489,-73.899,False
48124,48124/CSA35183.ogg,Tettigoniidae,Insecta,7.3489,-73.899,False
48124,48124/CSA35184.ogg,Tettigoniidae,Insecta,7.3489,-73.899,False
48124,48124/CSA35185.ogg,Tettigoniidae,Insecta,7.3489,-73.899,False
48124,48124/CSA35187.ogg,Tettigoniidae,Insecta,7.3489,-73.899,False
48124,48124/CSA35188.ogg,Tettigoniidae,Insecta,7.3489,-73.899,False
48124,48124/CSA35190.ogg,Tettigoniidae,Insecta,7.3489,-73.899,False
48124,48124/CSA36346.ogg,Tettigoniidae,Insecta,7.2481,-73.8843,False
50186,50186/CSA04279.ogg,Cicadidae,Insecta,1.3486,-76.103,False
50186,50186/CSA04299.ogg,Cicadidae,Insecta,1.3486,-76.103,False
50186,50186/CSA08353.ogg,Cicadidae,Insecta,5.2461,-75.6852,False
50186,50186/CSA08495.ogg,Cicadidae,Insecta,5.2461,-75.6852,False
50186,50186/CSA14874.ogg,Cicadidae,Insecta,5.1081,76.6975,False
50186,50186/CSA18166.ogg,Cicadidae,Insecta,4.5,-74.3333,False
50186,50186/CSA18185.ogg,Cicadidae,Insecta,4.5,-74.3333,False
50186,50186/CSA18191.ogg,Cicadidae,Insecta,4.5,-74.3333,False
50186,50186/CSA18201.ogg,Cicadidae,Insecta,4.5,-74.3333,False
50186,50186/CSA18202.ogg,Cicadidae,Insecta,4.5,-74.3333,False
50186,50186/CSA18282.ogg,Cicadidae,Insecta,6.4365,-74.1317,False
50186,50186/CSA18916.ogg,Cicadidae,Insecta,7.2333,-74.3513,False
50186,50186/CSA20027.ogg,Cicadidae,Insecta,6.0768,-74.2104,False
50186,50186/CSA20037.ogg,Cicadidae,Insecta,6.0768,-74.2104,False
50186,50186/CSA28885.ogg,Cicadidae,Insecta,4.5363,-67.9088,False
50186,50186/CSA34402.ogg,Cicadidae,Insecta,5.2312,-72.628,False
50186,50186/CSA34428.ogg,Cicadidae,Insecta,5.2184,-72.6052,False
50186,50186/CSA34456.ogg,Cicadidae,Insecta,5.2127,-72.5994,False
50186,50186/CSA34622.ogg,Cicadidae,Insecta,3.8872,-73.5909,False
50186,50186/CSA34678.ogg,Cicadidae,Insecta,3.8873,-73.5908,False
50186,50186/CSA35126.ogg,Cicadidae,Insecta,7.3505,-73.8296,False
50186,50186/CSA35128.ogg,Cicadidae,Insecta,7.3505,-73.8296,False
50186,50186/CSA35133.ogg,Cicadidae,Insecta,7.3724,-73.8239,False
50186,50186/CSA35140.ogg,Cicadidae,Insecta,7.3882,-73.7884,False
50186,50186/CSA35146.ogg,Cicadidae,Insecta,7.3004,-73.7021,False
50186,50186/CSA35148.ogg,Cicadidae,Insecta,7.248,-73.8628,False
50186,50186/CSA35149.ogg,Cicadidae,Insecta,7.248,-73.8628,False
50186,50186/CSA35159.ogg,Cicadidae,Insecta,7.3406,-73.8528,False
50186,50186/CSA35174.ogg,Cicadidae,Insecta,7.237,-73.8246,False
50186,50186/CSA35175.ogg,Cicadidae,Insecta,7.237,-73.8246,False
517119,517119/XC893992.ogg,Rhinella horribilis,Amphibia,10.9747,-84.7441,True
517119,517119/XC893994.ogg,Rhinella horribilis,Amphibia,19.3361,-89.5597,True
517119,517119/iNat100151.ogg,Rhinella horribilis,Amphibia,3.5683,-76.6081,True
517119,517119/iNat1006335.ogg,Rhinella horribilis,Amphibia,10.3131,-84.8114,True
517119,517119/iNat101157.ogg,Rhinella horribilis,Amphibia,26.57,-98.8609,True
517119,517119/iNat101160.ogg,Rhinella horribilis,Amphibia,26.5445,-98.8775,True
517119,517119/iNat106438.ogg,Rhinella horribilis,Amphibia,14.0121,-87.01,True
517119,517119/iNat1110668.ogg,Rhinella horribilis,Amphibia,10.5714,-83.5195,True
517119,517119/iNat1110670.ogg,Rhinella horribilis,Amphibia,10.5714,-83.5195,True
517119,517119/iNat1110671.ogg,Rhinella horribilis,Amphibia,10.5714,-83.5195,True
517119,517119/iNat1141475.ogg,Rhinella horribilis,Amphibia,18.6096,-89.3076,True
517119,517119/iNat1191308.ogg,Rhinella horribilis,Amphibia,10.5713,-83.5194,True
517119,517119/iNat1206733.ogg,Rhinella horribilis,Amphibia,8.9977,-79.5681,True
517119,517119/iNat1208971.ogg,Rhinella horribilis,Amphibia,8.898,-79.5822,True
517119,517119/iNat1209040.ogg,Rhinella horribilis,Amphibia,8.898,-79.582,True
517119,517119/iNat1219155.ogg,Rhinella horribilis,Amphibia,8.9935,-79.5364,True
517119,517119/iNat1219156.ogg,Rhinella horribilis,Amphibia,8.9935,-79.5364,True
517119,517119/iNat126773.ogg,Rhinella horribilis,Amphibia,26.5254,-98.8807,True
517119,517119/iNat1282698.ogg,Rhinella horribilis,Amphibia,4.7485,-74.4708,True
517119,517119/iNat1289442.ogg,Rhinella horribilis,Amphibia,9.0416,-79.3023,True
517119,517119/iNat142111.ogg,Rhinella horribilis,Amphibia,10.4654,-84.6625,True
517119,517119/iNat173253.ogg,Rhinella horribilis,Amphibia,26.1824,-98.3824,True
517119,517119/iNat189756.ogg,Rhinella horribilis,Amphibia,4.8439,-75.8187,True
517119,517119/iNat19348.ogg,Rhinella horribilis,Amphibia,19.3361,-89.5597,True
517119,517119/iNat202748.ogg,Rhinella horribilis,Amphibia,26.2157,-97.4303,True
517119,517119/iNat292820.ogg,Rhinella horribilis,Amphibia,8.4432,-83.4632,True
517119,517119/iNat302475.ogg,Rhinella horribilis,Amphibia,19.5116,-96.917,True
517119,517119/iNat335152.ogg,Rhinella horribilis,Amphibia,9.9253,-83.9494,True
517119,517119/iNat341728.ogg,Rhinella horribilis,Amphibia,10.3629,-84.1034,True
517119,517119/iNat348445.ogg,Rhinella horribilis,Amphibia,8.8123,-82.9611,True
517119,517119/iNat386122.ogg,Rhinella horribilis,Amphibia,8.7963,-82.4344,True
517119,517119/iNat402787.ogg,Rhinella horribilis,Amphibia,21.0992,-89.5099,True
517119,517119/iNat42637.ogg,Rhinella horribilis,Amphibia,4.9915,-75.6007,True
517119,517119/iNat490281.ogg,Rhinella horribilis,Amphibia,8.7408,-82.4248,True
517119,517119/iNat521037.ogg,Rhinella horribilis,Amphibia,26.542,-98.4713,True
517119,517119/iNat521786.ogg,Rhinella horribilis,Amphibia,9.1863,-79.47,True
517119,517119/iNat578330.ogg,Rhinella horribilis,Amphibia,10.5477,-84.973,True
517119,517119/iNat578338.ogg,Rhinella horribilis,Amphibia,10.5479,-84.9733,True
517119,517119/iNat578339.ogg,Rhinella horribilis,Amphibia,10.5476,-84.9731,True
517119,517119/iNat586526.ogg,Rhinella horribilis,Amphibia,8.8106,-82.9648,True
517119,517119/iNat593885.ogg,Rhinella horribilis,Amphibia,10.3124,-84.1818,True
517119,517119/iNat594133.ogg,Rhinella horribilis,Amphibia,9.7191,-82.8392,True
517119,517119/iNat627646.ogg,Rhinella horribilis,Amphibia,13.9296,-88.1021,True
517119,517119/iNat664719.ogg,Rhinella horribilis,Amphibia,6.0501,-74.2625,True
517119,517119/iNat700447.ogg,Rhinella horribilis,Amphibia,10.3124,-84.8117,True
517119,517119/iNat727974.ogg,Rhinella horribilis,Amphibia,26.4759,-98.7302,True
517119,517119/iNat803559.ogg,Rhinella horribilis,Amphibia,6.2301,-75.2236,True
517119,517119/iNat838832.ogg,Rhinella horribilis,Amphibia,10.4556,-84.0101,True
517119,517119/iNat846254.ogg,Rhinella horribilis,Amphibia,8.5445,-83.1475,True
517119,517119/iNat883106.ogg,Rhinella horribilis,Amphibia,10.4558,-84.0101,True
517119,517119/iNat889841.ogg,Rhinella horribilis,Amphibia,10.3096,-84.8188,True
517119,517119/iNat922620.ogg,Rhinella horribilis,Amphibia,8.6127,-80.1441,True
517119,517119/iNat925012.ogg,Rhinella horribilis,Amphibia,20.3872,-105.2008,True
517119,517119/iNat928527.ogg,Rhinella horribilis,Amphibia,26.4406,-98.2425,True
517119,517119/iNat938559.ogg,Rhinella horribilis,Amphibia,26.4769,-99.0911,True
517119,517119/iNat949336.ogg,Rhinella horribilis,Amphibia,26.4833,-99.0944,True
517119,517119/iNat956048.ogg,Rhinella horribilis,Amphibia,10.3966,-84.2113,True
517119,517119/iNat967725.ogg,Rhinella horribilis,Amphibia,26.4865,-99.0966,True
523060,523060/CSA34180.ogg,Eschatoceras bipunctatus,Insecta,-3.8333,-70.3333,False
523060,523060/CSA34181.ogg,Eschatoceras bipunctatus,Insecta,-3.8333,-70.3333,False
523060,523060/CSA34182.ogg,Eschatoceras bipunctatus,Insecta,-3.8333,-70.3333,False
523060,523060/CSA34183.ogg,Eschatoceras bipunctatus,Insecta,-3.8333,-70.3333,False
528041,528041/CSA36359.ogg,Orophus conspersus,Insecta,7.28,-73.8582,False
528041,528041/CSA36365.ogg,Orophus conspersus,Insecta,7.28,-73.8582,False
52884,52884/CSA06193.ogg,Gryllidae,Insecta,0.2118,-72.4175,False
52884,52884/CSA06195.ogg,Gryllidae,Insecta,0.2118,-72.4175,False
52884,52884/CSA11079.ogg,Gryllidae,Insecta,5.0,-74.15,False
52884,52884/CSA11080.ogg,Gryllidae,Insecta,5.0,-74.15,False
52884,52884/CSA14491.ogg,Gryllidae,Insecta,1.5,-77.5,False
52884,52884/CSA14875.ogg,Gryllidae,Insecta,5.1161,76.8764,False
52884,52884/CSA15755.ogg,Gryllidae,Insecta,5.9925,-72.7309,False
52884,52884/CSA18786.ogg,Gryllidae,Insecta,5.7892,-73.5504,False
52884,52884/CSA18796.ogg,Gryllidae,Insecta,5.7892,-73.5504,False
52884,52884/CSA18797.ogg,Gryllidae,Insecta,5.7892,-73.5504,False
52884,52884/CSA18799.ogg,Gryllidae,Insecta,5.7892,-73.5504,False
52884,52884/CSA18800.ogg,Gryllidae,Insecta,5.7892,-73.5504,False
52884,52884/CSA18801.ogg,Gryllidae,Insecta,5.7892,-73.5504,False
52884,52884/CSA18804.ogg,Gryllidae,Insecta,5.7892,-73.5504,False
52884,52884/CSA18805.ogg,Gryllidae,Insecta,5.7892,-73.5504,False
52884,52884/CSA18980.ogg,Gryllidae,Insecta,6.0776,-74.2145,False
52884,52884/CSA34329.ogg,Gryllidae,Insecta,3.0648,-75.378,False
52884,52884/CSA34410.ogg,Gryllidae,Insecta,5.2294,-72.6267,False
52884,52884/CSA34761.ogg,Gryllidae,Insecta,6.9787,-75.1126,False
52884,52884/CSA34947.ogg,Gryllidae,Insecta,7.3941,-73.8083,False
52884,52884/CSA35109.ogg,Gryllidae,Insecta,7.314,-73.9001,False
52884,52884/CSA35112.ogg,Gryllidae,Insecta,7.314,-73.9001,False
52884,52884/CSA35124.ogg,Gryllidae,Insecta,7.3505,-73.8296,False
52884,52884/CSA35125.ogg,Gryllidae,Insecta,7.3505,-73.8296,False
52884,52884/CSA35130.ogg,Gryllidae,Insecta,7.3724,-73.8239,False
52884,52884/CSA35167.ogg,Gryllidae,Insecta,7.3125,-73.8578,False
52884,52884/CSA35176.ogg,Gryllidae,Insecta,7.2592,-73.8148,False
52884,52884/CSA35180.ogg,Gryllidae,Insecta,7.3489,-73.899,False
52884,52884/CSA35533.ogg,Gryllidae,Insecta,3.5637,-76.6194,False
52884,52884/CSA35537.ogg,Gryllidae,Insecta,3.5264,-76.7371,False
52884,52884/CSA35592.ogg,Gryllidae,Insecta,4.0058,69.8986,False
52884,52884/CSA36342.ogg,Gryllidae,Insecta,7.3791,-73.7313,False
52884,52884/CSA36344.ogg,Gryllidae,Insecta,7.3791,-73.7313,False
548639,548639/CSA34185.ogg,Copiphora gracilis,Insecta,-3.8333,-70.3333,False
548639,548639/CSA34186.ogg,Copiphora gracilis,Insecta,-3.8333,-70.3333,False
548639,548639/CSA34187.ogg,Copiphora gracilis,Insecta,-3.8333,-70.3333,False
548639,548639/CSA34188.ogg,Copiphora gracilis,Insecta,-3.8333,-70.3333,False
548639,548639/CSA34189.ogg,Copiphora gracilis,Insecta,-3.8333,-70.3333,False
555086,555086/XC882682.ogg,Boana boans,Amphibia,None,None,True
555086,555086/XC882683.ogg,Boana boans,Amphibia,None,None,True
555086,555086/XC882684.ogg,Boana boans,Amphibia,None,None,True
555086,555086/XC882685.ogg,Boana boans,Amphibia,None,None,True
555086,555086/XC882686.ogg,Boana boans,Amphibia,None,None,True
555086,555086/XC882687.ogg,Boana boans,Amphibia,None,None,True
555086,555086/XC882688.ogg,Boana boans,Amphibia,None,None,True
555086,555086/XC882689.ogg,Boana boans,Amphibia,None,None,True
555086,555086/XC882690.ogg,Boana boans,Amphibia,None,None,True
555086,555086/XC882691.ogg,Boana boans,Amphibia,None,None,True
555086,555086/XC882692.ogg,Boana boans,Amphibia,4.346,-57.7103,True
555086,555086/XC882693.ogg,Boana boans,Amphibia,None,None,True
555086,555086/XC892928.ogg,Boana boans,Amphibia,10.7201,-61.2958,True
555086,555086/XC919367.ogg,Boana boans,Amphibia,5.3567,-76.1751,True
555086,555086/XC928837.ogg,Boana boans,Amphibia,4.3226,-52.3387,True
555086,555086/iNat1147487.ogg,Boana boans,Amphibia,7.8168,-76.6128,True
555086,555086/iNat1167024.ogg,Boana boans,Amphibia,-2.9637,-60.7399,True
555086,555086/iNat153413.ogg,Boana boans,Amphibia,-1.4771,-77.9981,True
555086,555086/iNat28983.ogg,Boana boans,Amphibia,10.7201,-61.2958,True
555086,555086/iNat340439.ogg,Boana boans,Amphibia,4.0877,-52.6803,True
555086,555086/iNat500233.ogg,Boana boans,Amphibia,-9.5965,-55.9307,True
555086,555086/iNat515747.ogg,Boana boans,Amphibia,-9.5961,-55.9304,True
555086,555086/iNat54046.ogg,Boana boans,Amphibia,-9.5556,-55.9216,True
555086,555086/iNat67119.ogg,Boana boans,Amphibia,7.1361,-74.3927,True
555086,555086/iNat895651.ogg,Boana boans,Amphibia,4.3227,-52.3383,True
555142,555142/iNat1258897.ogg,Boana pugnax,Amphibia,8.039,-80.9382,True
555142,555142/iNat1274037.ogg,Boana pugnax,Amphibia,5.8342,-74.832,True
555142,555142/iNat31004.ogg,Boana pugnax,Amphibia,10.1821,-67.2145,True
555142,555142/iNat337414.ogg,Boana pugnax,Amphibia,5.4172,-74.7196,True
555142,555142/iNat34199.ogg,Boana pugnax,Amphibia,8.4371,-76.7917,True
555142,555142/iNat761666.ogg,Boana pugnax,Amphibia,9.0827,-75.8107,True
566513,566513/XC959860.ogg,Alouatta seniculus,Mammalia,-9.4462,-70.4362,False
566513,566513/iNat1259526.ogg,Alouatta seniculus,Mammalia,-4.298,-73.2821,False
566513,566513/iNat208383.ogg,Alouatta seniculus,Mammalia,4.843,-75.8186,False
566513,566513/iNat327841.ogg,Alouatta seniculus,Mammalia,8.8151,-76.4275,False
566513,566513/iNat469763.ogg,Alouatta seniculus,Mammalia,-0.2054,-75.9253,False
566513,566513/iNat475442.ogg,Alouatta seniculus,Mammalia,11.2712,-73.8442,False
566513,566513/iNat561526.ogg,Alouatta seniculus,Mammalia,11.2773,-73.9231,False
566513,566513/iNat565106.ogg,Alouatta seniculus,Mammalia,11.2171,-73.4737,False
566513,566513/iNat569946.ogg,Alouatta seniculus,Mammalia,-0.637,-76.1502,False
566513,566513/iNat60494.ogg,Alouatta seniculus,Mammalia,4.7416,-75.5971,False
566513,566513/iNat68561.ogg,Alouatta seniculus,Mammalia,6.9674,-75.0535,False
566513,566513/iNat72467.ogg,Alouatta seniculus,Mammalia,4.8434,-75.8183,False
566513,566513/iNat72468.ogg,Alouatta seniculus,Mammalia,4.8434,-75.8183,False
566513,566513/iNat796863.ogg,Alouatta seniculus,Mammalia,10.8794,-68.4098,False
566513,566513/iNat832952.ogg,Alouatta seniculus,Mammalia,10.8794,-68.4098,False
566513,566513/iNat860046.ogg,Alouatta seniculus,Mammalia,11.1006,-74.0721,False
566513,566513/iNat865113.ogg,Alouatta seniculus,Mammalia,4.7295,-75.5787,False
566513,566513/iNat865114.ogg,Alouatta seniculus,Mammalia,4.7295,-75.5787,False
566513,566513/iNat879932.ogg,Alouatta seniculus,Mammalia,3.8385,-73.3255,False
566513,566513/iNat885527.ogg,Alouatta seniculus,Mammalia,11.2894,-73.9137,False
566513,566513/iNat887872.ogg,Alouatta seniculus,Mammalia,11.116,-74.1193,False
566513,566513/iNat906866.ogg,Alouatta seniculus,Mammalia,11.0982,-74.0674,False
566513,566513/iNat942150.ogg,Alouatta seniculus,Mammalia,4.7424,-75.5996,False
64862,64862/CSA18218.ogg,Allobates niputidea,Amphibia,6.0895,-74.2348,True
64862,64862/CSA18222.ogg,Allobates niputidea,Amphibia,6.0894,-74.2347,True
65336,65336/iNat1122212.ogg,Dendropsophus bogerti,Amphibia,6.9189,-75.4082,True
65336,65336/iNat1193236.ogg,Dendropsophus bogerti,Amphibia,6.1579,-75.6342,True
65336,65336/iNat1193440.ogg,Dendropsophus bogerti,Amphibia,6.1579,-75.6342,True
65336,65336/iNat36346.ogg,Dendropsophus bogerti,Amphibia,6.2708,-75.563,True
65336,65336/iNat521536.ogg,Dendropsophus bogerti,Amphibia,6.9558,-75.4195,True
65336,65336/iNat865751.ogg,Dendropsophus bogerti,Amphibia,6.2387,-75.6095,True
65344,65344/XC922585.ogg,Dendropsophus columbianus,Amphibia,5.089,-75.533,True
65344,65344/XC935975.ogg,Dendropsophus columbianus,Amphibia,4.5088,-75.7102,True
65344,65344/iNat100153.ogg,Dendropsophus columbianus,Amphibia,3.5683,-76.6081,True
65344,65344/iNat105590.ogg,Dendropsophus columbianus,Amphibia,5.3948,-75.7054,True
65344,65344/iNat1211725.ogg,Dendropsophus columbianus,Amphibia,5.0889,-75.5335,True
65344,65344/iNat1211741.ogg,Dendropsophus columbianus,Amphibia,5.0889,-75.5335,True
65344,65344/iNat1248692.ogg,Dendropsophus columbianus,Amphibia,5.852,-76.1826,True
65344,65344/iNat151882.ogg,Dendropsophus columbianus,Amphibia,4.3913,-75.6915,True
65344,65344/iNat525224.ogg,Dendropsophus columbianus,Amphibia,5.2304,-76.0828,True
65344,65344/iNat573035.ogg,Dendropsophus columbianus,Amphibia,4.9557,-75.6606,True
65344,65344/iNat810178.ogg,Dendropsophus columbianus,Amphibia,3.475,-76.191,True
65344,65344/iNat885676.ogg,Dendropsophus columbianus,Amphibia,5.6684,-75.7236,True
65344,65344/iNat923979.ogg,Dendropsophus columbianus,Amphibia,5.2307,-76.0825,True
65344,65344/iNat924132.ogg,Dendropsophus columbianus,Amphibia,5.2302,-76.0832,True
65344,65344/iNat924134.ogg,Dendropsophus columbianus,Amphibia,5.2306,-76.0826,True
65344,65344/iNat953646.ogg,Dendropsophus columbianus,Amphibia,5.0089,-75.4403,True
65349,65349/XC893967.ogg,Dendropsophus ebraccatus,Amphibia,8.7011,-83.2037,True
65349,65349/XC941283.ogg,Dendropsophus ebraccatus,Amphibia,8.6211,-80.1393,True
65349,65349/iNat109039.ogg,Dendropsophus ebraccatus,Amphibia,9.1209,-79.7041,True
65349,65349/iNat1108702.ogg,Dendropsophus ebraccatus,Amphibia,8.6203,-80.1046,True
65349,65349/iNat1108994.ogg,Dendropsophus ebraccatus,Amphibia,8.6211,-80.1393,True
65349,65349/iNat1109014.ogg,Dendropsophus ebraccatus,Amphibia,8.6211,-80.1394,True
65349,65349/iNat1146591.ogg,Dendropsophus ebraccatus,Amphibia,8.6203,-80.1046,True
65349,65349/iNat1284582.ogg,Dendropsophus ebraccatus,Amphibia,8.6212,-80.1398,True
65349,65349/iNat292823.ogg,Dendropsophus ebraccatus,Amphibia,9.824,-83.576,True
65349,65349/iNat297888.ogg,Dendropsophus ebraccatus,Amphibia,7.2347,-76.4404,True
65349,65349/iNat418798.ogg,Dendropsophus ebraccatus,Amphibia,18.4476,-95.0687,True
65349,65349/iNat574970.ogg,Dendropsophus ebraccatus,Amphibia,10.4458,-84.6675,True
65349,65349/iNat583656.ogg,Dendropsophus ebraccatus,Amphibia,8.7011,-83.2037,True
65349,65349/iNat587073.ogg,Dendropsophus ebraccatus,Amphibia,8.7011,-83.2037,True
65349,65349/iNat594937.ogg,Dendropsophus ebraccatus,Amphibia,9.7367,-82.8609,True
65349,65349/iNat65524.ogg,Dendropsophus ebraccatus,Amphibia,9.8941,-75.1858,True
65373,65373/XC882751.ogg,Dendropsophus microcephalus,Amphibia,5.803,-56.2046,True
65373,65373/XC882752.ogg,Dendropsophus microcephalus,Amphibia,5.803,-56.2046,True
65373,65373/XC882753.ogg,Dendropsophus microcephalus,Amphibia,None,None,True
65373,65373/XC882754.ogg,Dendropsophus microcephalus,Amphibia,None,None,True
65373,65373/XC890493.ogg,Dendropsophus microcephalus,Amphibia,10.9712,-84.7138,True
65373,65373/XC941284.ogg,Dendropsophus microcephalus,Amphibia,9.0443,-79.3026,True
65373,65373/iNat1105506.ogg,Dendropsophus microcephalus,Amphibia,9.0375,-79.3028,True
65373,65373/iNat1109226.ogg,Dendropsophus microcephalus,Amphibia,9.0443,-79.3026,True
65373,65373/iNat1109236.ogg,Dendropsophus microcephalus,Amphibia,9.0441,-79.3028,True
65373,65373/iNat1141476.ogg,Dendropsophus microcephalus,Amphibia,18.6096,-89.3076,True
65373,65373/iNat1141479.ogg,Dendropsophus microcephalus,Amphibia,18.6099,-89.306,True
65373,65373/iNat1182883.ogg,Dendropsophus microcephalus,Amphibia,21.049,-89.6657,True
65373,65373/iNat1255548.ogg,Dendropsophus microcephalus,Amphibia,17.841,-89.0193,True
65373,65373/iNat1255549.ogg,Dendropsophus microcephalus,Amphibia,17.841,-89.0193,True
65373,65373/iNat1256054.ogg,Dendropsophus microcephalus,Amphibia,7.5922,-80.9606,True
65373,65373/iNat127552.ogg,Dendropsophus microcephalus,Amphibia,14.0107,-87.0264,True
65373,65373/iNat297886.ogg,Dendropsophus microcephalus,Amphibia,7.2408,-76.4397,True
65373,65373/iNat32481.ogg,Dendropsophus microcephalus,Amphibia,20.7638,-86.952,True
65373,65373/iNat32482.ogg,Dendropsophus microcephalus,Amphibia,20.7638,-86.952,True
65373,65373/iNat32628.ogg,Dendropsophus microcephalus,Amphibia,17.2352,-88.7829,True
65373,65373/iNat337403.ogg,Dendropsophus microcephalus,Amphibia,5.4173,-74.7195,True
65373,65373/iNat341638.ogg,Dendropsophus microcephalus,Amphibia,18.5164,-89.4841,True
65373,65373/iNat50345.ogg,Dendropsophus microcephalus,Amphibia,-9.5556,-55.9216,True
65373,65373/iNat50974.ogg,Dendropsophus microcephalus,Amphibia,-9.5556,-55.9216,True
65373,65373/iNat533915.ogg,Dendropsophus microcephalus,Amphibia,9.5771,-84.2143,True
65373,65373/iNat583740.ogg,Dendropsophus microcephalus,Amphibia,8.7118,-83.1788,True
65373,65373/iNat583744.ogg,Dendropsophus microcephalus,Amphibia,8.7123,-83.1777,True
65373,65373/iNat643093.ogg,Dendropsophus microcephalus,Amphibia,9.1165,-79.6965,True
65373,65373/iNat761669.ogg,Dendropsophus microcephalus,Amphibia,9.0833,-75.8108,True
65373,65373/iNat78658.ogg,Dendropsophus microcephalus,Amphibia,9.1209,-79.7036,True
65373,65373/iNat838978.ogg,Dendropsophus microcephalus,Amphibia,10.4569,-84.0258,True
65373,65373/iNat846285.ogg,Dendropsophus microcephalus,Amphibia,9.7561,-84.6106,True
65419,65419/iNat296897.ogg,Diasporus gularis,Amphibia,3.8354,-77.2578,True
65419,65419/iNat48180.ogg,Diasporus gularis,Amphibia,3.8455,-77.261,True
65419,65419/iNat48209.ogg,Diasporus gularis,Amphibia,3.8333,-77.2622,True
65448,65448/XC882770.ogg,Engystomops pustulosus,Amphibia,None,None,True
65448,65448/XC893965.ogg,Engystomops pustulosus,Amphibia,8.7111,-83.1799,True
65448,65448/XC941294.ogg,Engystomops pustulosus,Amphibia,9.0416,-79.3026,True
65448,65448/iNat1109204.ogg,Engystomops pustulosus,Amphibia,9.0416,-79.3026,True
65448,65448/iNat1128087.ogg,Engystomops pustulosus,Amphibia,9.119,-79.698,True
65448,65448/iNat1135443.ogg,Engystomops pustulosus,Amphibia,8.6773,-79.9285,True
65448,65448/iNat1154010.ogg,Engystomops pustulosus,Amphibia,8.8035,-82.9564,True
65448,65448/iNat1162768.ogg,Engystomops pustulosus,Amphibia,9.0241,-79.5324,True
65448,65448/iNat1200333.ogg,Engystomops pustulosus,Amphibia,9.0623,-79.4154,True
65448,65448/iNat1202208.ogg,Engystomops pustulosus,Amphibia,8.8036,-82.9563,True
65448,65448/iNat1202224.ogg,Engystomops pustulosus,Amphibia,8.8036,-82.9563,True
65448,65448/iNat1203783.ogg,Engystomops pustulosus,Amphibia,13.2293,-86.0521,True
65448,65448/iNat1204642.ogg,Engystomops pustulosus,Amphibia,8.8975,-79.5826,True
65448,65448/iNat1208970.ogg,Engystomops pustulosus,Amphibia,8.8977,-79.5826,True
65448,65448/iNat1209895.ogg,Engystomops pustulosus,Amphibia,8.8975,-79.5827,True
65448,65448/iNat1220530.ogg,Engystomops pustulosus,Amphibia,11.5225,-85.5622,True
65448,65448/iNat1220655.ogg,Engystomops pustulosus,Amphibia,9.1381,-79.4535,True
65448,65448/iNat122568.ogg,Engystomops pustulosus,Amphibia,14.0111,-87.0099,True
65448,65448/iNat1256024.ogg,Engystomops pustulosus,Amphibia,7.592,-80.9606,True
65448,65448/iNat1276383.ogg,Engystomops pustulosus,Amphibia,11.2944,-74.0004,True
65448,65448/iNat145061.ogg,Engystomops pustulosus,Amphibia,8.9445,-79.5985,True
65448,65448/iNat145062.ogg,Engystomops pustulosus,Amphibia,8.9162,-79.5997,True
65448,65448/iNat200657.ogg,Engystomops pustulosus,Amphibia,8.5228,-82.4249,True
65448,65448/iNat207088.ogg,Engystomops pustulosus,Amphibia,7.5919,-80.9606,True
65448,65448/iNat209690.ogg,Engystomops pustulosus,Amphibia,7.9456,-80.5642,True
65448,65448/iNat210995.ogg,Engystomops pustulosus,Amphibia,8.9803,-79.5648,True
65448,65448/iNat233790.ogg,Engystomops pustulosus,Amphibia,13.9268,-88.1298,True
65448,65448/iNat240118.ogg,Engystomops pustulosus,Amphibia,9.1169,-79.6986,True
65448,65448/iNat272609.ogg,Engystomops pustulosus,Amphibia,9.0501,-79.634,True
65448,65448/iNat273090.ogg,Engystomops pustulosus,Amphibia,11.1724,-74.1655,True
65448,65448/iNat277476.ogg,Engystomops pustulosus,Amphibia,7.5919,-80.9608,True
65448,65448/iNat292773.ogg,Engystomops pustulosus,Amphibia,8.6911,-83.5764,True
65448,65448/iNat298977.ogg,Engystomops pustulosus,Amphibia,14.007,-87.0064,True
65448,65448/iNat304517.ogg,Engystomops pustulosus,Amphibia,18.422,-88.7968,True
65448,65448/iNat304786.ogg,Engystomops pustulosus,Amphibia,13.6994,-89.2417,True
65448,65448/iNat313351.ogg,Engystomops pustulosus,Amphibia,8.5101,-82.6221,True
65448,65448/iNat313926.ogg,Engystomops pustulosus,Amphibia,8.9586,-79.6595,True
65448,65448/iNat313927.ogg,Engystomops pustulosus,Amphibia,8.9586,-79.6595,True
65448,65448/iNat313963.ogg,Engystomops pustulosus,Amphibia,8.383,-82.4242,True
65448,65448/iNat31400.ogg,Engystomops pustulosus,Amphibia,8.4298,-76.7897,True
65448,65448/iNat318715.ogg,Engystomops pustulosus,Amphibia,10.2052,-61.3103,True
65448,65448/iNat322031.ogg,Engystomops pustulosus,Amphibia,10.205,-61.3057,True
65448,65448/iNat332455.ogg,Engystomops pustulosus,Amphibia,7.5919,-80.9608,True
65448,65448/iNat332794.ogg,Engystomops pustulosus,Amphibia,7.5919,-80.9606,True
65448,65448/iNat333037.ogg,Engystomops pustulosus,Amphibia,9.1117,-79.5242,True
65448,65448/iNat333081.ogg,Engystomops pustulosus,Amphibia,7.5917,-80.9606,True
65448,65448/iNat340222.ogg,Engystomops pustulosus,Amphibia,9.1182,-79.6982,True
65448,65448/iNat341652.ogg,Engystomops pustulosus,Amphibia,9.2597,-79.7914,True
65448,65448/iNat341655.ogg,Engystomops pustulosus,Amphibia,9.2597,-79.7914,True
65448,65448/iNat348103.ogg,Engystomops pustulosus,Amphibia,9.121,-79.704,True
65448,65448/iNat355556.ogg,Engystomops pustulosus,Amphibia,9.0652,-79.6472,True
65448,65448/iNat38915.ogg,Engystomops pustulosus,Amphibia,8.9802,-79.5645,True
65448,65448/iNat441283.ogg,Engystomops pustulosus,Amphibia,10.6849,-61.2894,True
65448,65448/iNat451209.ogg,Engystomops pustulosus,Amphibia,13.6693,-89.216,True
65448,65448/iNat50407.ogg,Engystomops pustulosus,Amphibia,10.0646,-66.9788,True
65448,65448/iNat50409.ogg,Engystomops pustulosus,Amphibia,10.0646,-66.9788,True
65448,65448/iNat50410.ogg,Engystomops pustulosus,Amphibia,10.0646,-66.9788,True
65448,65448/iNat53421.ogg,Engystomops pustulosus,Amphibia,5.9189,-74.6541,True
65448,65448/iNat534822.ogg,Engystomops pustulosus,Amphibia,8.2576,-81.8712,True
65448,65448/iNat562820.ogg,Engystomops pustulosus,Amphibia,11.1937,-73.4354,True
65448,65448/iNat562821.ogg,Engystomops pustulosus,Amphibia,11.1937,-73.4354,True
65448,65448/iNat567162.ogg,Engystomops pustulosus,Amphibia,8.078,-81.1348,True
65448,65448/iNat580843.ogg,Engystomops pustulosus,Amphibia,8.9448,-79.5816,True
65448,65448/iNat583662.ogg,Engystomops pustulosus,Amphibia,8.7111,-83.1799,True
65448,65448/iNat598804.ogg,Engystomops pustulosus,Amphibia,9.0961,-79.3785,True
65448,65448/iNat623007.ogg,Engystomops pustulosus,Amphibia,8.3871,-77.874,True
65448,65448/iNat624692.ogg,Engystomops pustulosus,Amphibia,8.7841,-82.9599,True
65448,65448/iNat687625.ogg,Engystomops pustulosus,Amphibia,8.9794,-79.5619,True
65448,65448/iNat74512.ogg,Engystomops pustulosus,Amphibia,9.1175,-79.6986,True
65448,65448/iNat76004.ogg,Engystomops pustulosus,Amphibia,9.1169,-79.6984,True
65448,65448/iNat778295.ogg,Engystomops pustulosus,Amphibia,8.8973,-79.5825,True
65448,65448/iNat778296.ogg,Engystomops pustulosus,Amphibia,8.8973,-79.5825,True
65448,65448/iNat78657.ogg,Engystomops pustulosus,Amphibia,9.1208,-79.704,True
65448,65448/iNat81316.ogg,Engystomops pustulosus,Amphibia,7.5919,-80.9604,True
65448,65448/iNat818793.ogg,Engystomops pustulosus,Amphibia,8.5805,-83.3816,True
65448,65448/iNat841595.ogg,Engystomops pustulosus,Amphibia,10.6097,-85.1233,True
65448,65448/iNat846206.ogg,Engystomops pustulosus,Amphibia,9.1632,-79.8382,True
65448,65448/iNat848307.ogg,Engystomops pustulosus,Amphibia,8.9165,-78.3948,True
65448,65448/iNat857347.ogg,Engystomops pustulosus,Amphibia,7.5921,-80.9605,True
65448,65448/iNat857731.ogg,Engystomops pustulosus,Amphibia,7.5922,-80.9606,True
65448,65448/iNat925724.ogg,Engystomops pustulosus,Amphibia,9.481,-84.1409,True
65448,65448/iNat953656.ogg,Engystomops pustulosus,Amphibia,8.6749,-83.5604,True
65547,65547/XC941286.ogg,Hyalinobatrachium tatayoi,Amphibia,8.6215,-80.1395,True
65547,65547/iNat1103224.ogg,Hyalinobatrachium tatayoi,Amphibia,8.6445,-80.1141,True
65547,65547/iNat1108714.ogg,Hyalinobatrachium tatayoi,Amphibia,8.7573,-80.1329,True
65547,65547/iNat1135442.ogg,Hyalinobatrachium tatayoi,Amphibia,8.6368,-79.9377,True
65547,65547/iNat296892.ogg,Hyalinobatrachium tatayoi,Amphibia,5.819,-74.9791,True
65547,65547/iNat360357.ogg,Hyalinobatrachium tatayoi,Amphibia,8.6173,-80.1765,True
65547,65547/iNat70565.ogg,Hyalinobatrachium tatayoi,Amphibia,0.2329,-79.9664,True
65962,65962/XC890477.ogg,Leptodactylus savagei,Amphibia,10.3849,-84.3027,True
65962,65962/iNat1046825.ogg,Leptodactylus savagei,Amphibia,10.4515,-84.6405,True
65962,65962/iNat1062590.ogg,Leptodactylus savagei,Amphibia,9.4941,-84.0599,True
65962,65962/iNat1109807.ogg,Leptodactylus savagei,Amphibia,9.0761,-79.6477,True
65962,65962/iNat1200332.ogg,Leptodactylus savagei,Amphibia,9.1619,-79.4727,True
65962,65962/iNat137087.ogg,Leptodactylus savagei,Amphibia,9.8894,-75.1959,True
65962,65962/iNat137091.ogg,Leptodactylus savagei,Amphibia,9.8894,-75.1959,True
65962,65962/iNat22513.ogg,Leptodactylus savagei,Amphibia,10.4504,-84.0693,True
65962,65962/iNat341651.ogg,Leptodactylus savagei,Amphibia,9.0589,-79.7923,True
65962,65962/iNat380246.ogg,Leptodactylus savagei,Amphibia,11.155,-74.1024,True
65962,65962/iNat382337.ogg,Leptodactylus savagei,Amphibia,9.0774,-79.6519,True
65962,65962/iNat506744.ogg,Leptodactylus savagei,Amphibia,10.5801,-83.525,True
65962,65962/iNat509049.ogg,Leptodactylus savagei,Amphibia,8.6416,-83.7301,True
65962,65962/iNat53861.ogg,Leptodactylus savagei,Amphibia,10.458,-84.6429,True
65962,65962/iNat587305.ogg,Leptodactylus savagei,Amphibia,8.7011,-83.2038,True
65962,65962/iNat587310.ogg,Leptodactylus savagei,Amphibia,8.7011,-83.2038,True
65962,65962/iNat587312.ogg,Leptodactylus savagei,Amphibia,8.7011,-83.2038,True
65962,65962/iNat615663.ogg,Leptodactylus savagei,Amphibia,9.2712,-83.8815,True
65962,65962/iNat81325.ogg,Leptodactylus savagei,Amphibia,8.9803,-79.5647,True
65962,65962/iNat943127.ogg,Leptodactylus savagei,Amphibia,10.3849,-84.3027,True
65962,65962/iNat993397.ogg,Leptodactylus savagei,Amphibia,10.4388,-84.7083,True
66016,66016/XC893981.ogg,Lithobates vaillanti,Amphibia,10.9727,-84.7207,True
66016,66016/iNat14973.ogg,Lithobates vaillanti,Amphibia,10.9727,-84.7207,True
66531,66531/iNat40682.ogg,Pristimantis achatinus,Amphibia,5.7277,-75.3892,True
66531,66531/iNat445441.ogg,Pristimantis achatinus,Amphibia,5.7858,-76.0161,True
66578,66578/iNat223502.ogg,Pristimantis bogotensis,Amphibia,5.0664,-73.6452,True
66578,66578/iNat315496.ogg,Pristimantis bogotensis,Amphibia,4.6493,-74.0995,True
66893,66893/XC941287.ogg,Pristimantis taeniatus,Amphibia,9.0777,-79.6491,True
66893,66893/XC941288.ogg,Pristimantis taeniatus,Amphibia,9.0778,-79.6492,True
66893,66893/iNat1109827.ogg,Pristimantis taeniatus,Amphibia,9.0778,-79.6492,True
66893,66893/iNat1110476.ogg,Pristimantis taeniatus,Amphibia,9.0777,-79.6491,True
66893,66893/iNat42824.ogg,Pristimantis taeniatus,Amphibia,6.0035,-75.1136,True
67082,67082/iNat221222.ogg,Rheobates palmatus,Amphibia,5.8015,-73.5469,True
67082,67082/iNat594579.ogg,Rheobates palmatus,Amphibia,5.0409,-74.2423,True
67252,67252/XC882988.ogg,Trachycephalus typhonius,Amphibia,-0.9829,-77.8164,True
67252,67252/XC882992.ogg,Trachycephalus typhonius,Amphibia,-0.0477,-77.5269,True
67252,67252/XC882993.ogg,Trachycephalus typhonius,Amphibia,-0.0477,-77.5269,True
67252,67252/XC882994.ogg,Trachycephalus typhonius,Amphibia,-0.0477,-77.5269,True
67252,67252/XC882995.ogg,Trachycephalus typhonius,Amphibia,None,None,True
67252,67252/XC882996.ogg,Trachycephalus typhonius,Amphibia,None,None,True
67252,67252/XC882997.ogg,Trachycephalus typhonius,Amphibia,-1.5025,-56.7555,True
67252,67252/XC882998.ogg,Trachycephalus typhonius,Amphibia,-1.5025,-56.7555,True
67252,67252/XC882999.ogg,Trachycephalus typhonius,Amphibia,-4.3811,-70.0448,True
67252,67252/XC883000.ogg,Trachycephalus typhonius,Amphibia,None,None,True
67252,67252/XC929104.ogg,Trachycephalus typhonius,Amphibia,1.5016,-50.9121,True
67252,67252/XC952184.ogg,Trachycephalus typhonius,Amphibia,-25.2537,-57.4185,True
67252,67252/iNat1257838.ogg,Trachycephalus typhonius,Amphibia,-25.2537,-57.4185,True
67252,67252/iNat933802.ogg,Trachycephalus typhonius,Amphibia,-29.2778,-59.5956,True
714022,714022/CSA34203.ogg,Panoploscelis specularis,Insecta,-3.8333,-70.3333,False
714022,714022/CSA34204.ogg,Panoploscelis specularis,Insecta,-3.8333,-70.3333,False
714022,714022/CSA34205.ogg,Panoploscelis specularis,Insecta,-3.8333,-70.3333,False
714022,714022/CSA34206.ogg,Panoploscelis specularis,Insecta,-3.8333,-70.3333,False
714022,714022/CSA34207.ogg,Panoploscelis specularis,Insecta,-3.8333,-70.3333,False
715170,715170/CSA34510.ogg,Copris susanae,Insecta,5.6519,-73.5077,False
715170,715170/CSA34511.ogg,Copris susanae,Insecta,5.6519,-73.5077,False
715170,715170/CSA34512.ogg,Copris susanae,Insecta,5.6519,-73.5077,False
715170,715170/CSA34513.ogg,Copris susanae,Insecta,5.6519,-73.5077,False
715170,715170/CSA34514.ogg,Copris susanae,Insecta,5.6519,-73.5077,False
715170,715170/CSA34515.ogg,Copris susanae,Insecta,5.6519,-73.5077,False
715170,715170/CSA35799.ogg,Copris susanae,Insecta,5.6519,-73.5077,False
715170,715170/CSA35800.ogg,Copris susanae,Insecta,5.6519,-73.5077,False
715170,715170/CSA35801.ogg,Copris susanae,Insecta,5.6519,-73.5077,False
715170,715170/CSA35802.ogg,Copris susanae,Insecta,5.6519,-73.5077,False
715170,715170/CSA35803.ogg,Copris susanae,Insecta,5.6519,-73.5077,False
715170,715170/CSA35804.ogg,Copris susanae,Insecta,5.6519,-73.5077,False
715170,715170/CSA35805.ogg,Copris susanae,Insecta,5.6519,-73.5077,False
715170,715170/CSA35806.ogg,Copris susanae,Insecta,5.6519,-73.5077,False
715170,715170/CSA35807.ogg,Copris susanae,Insecta,5.6519,-73.5077,False
715170,715170/CSA35808.ogg,Copris susanae,Insecta,5.6519,-73.5077,False
715170,715170/CSA35809.ogg,Copris susanae,Insecta,5.6519,-73.5077,False
787625,787625/iNat117128.ogg,Leucostethus fraterdanieli,Amphibia,6.2656,-75.4376,True
787625,787625/iNat211195.ogg,Leucostethus fraterdanieli,Amphibia,6.242,-75.5052,True
787625,787625/iNat400557.ogg,Leucostethus fraterdanieli,Amphibia,6.2476,-75.5658,True
787625,787625/iNat46261.ogg,Leucostethus fraterdanieli,Amphibia,3.5674,-76.609,True
787625,787625/iNat48805.ogg,Leucostethus fraterdanieli,Amphibia,6.2551,-75.5153,True
787625,787625/iNat600359.ogg,Leucostethus fraterdanieli,Amphibia,6.3007,-75.1404,True
787625,787625/iNat673795.ogg,Leucostethus fraterdanieli,Amphibia,6.2052,-75.5066,True
81930,81930/iNat737012.ogg,Rhinella humboldti,Amphibia,10.4693,-75.4991,True
81930,81930/iNat761667.ogg,Rhinella humboldti,Amphibia,9.0816,-75.8083,True
868458,868458/CSA34217.ogg,Typophyllum inflatum,Insecta,-3.8333,-70.3333,False
868458,868458/CSA34218.ogg,Typophyllum inflatum,Insecta,-3.8333,-70.3333,False
868458,868458/CSA34219.ogg,Typophyllum inflatum,Insecta,-3.8333,-70.3333,False
868458,868458/CSA34220.ogg,Typophyllum inflatum,Insecta,-3.8333,-70.3333,False
963335,963335/CSA36372.ogg,Subria sylvestris,Insecta,7.3791,-73.7313,False
963335,963335/CSA36374.ogg,Subria sylvestris,Insecta,7.28,-73.8582,False
963335,963335/CSA36375.ogg,Subria sylvestris,Insecta,7.2625,-73.8207,False
963335,963335/CSA36377.ogg,Subria sylvestris,Insecta,7.28,-73.8582,False
963335,963335/CSA36393.ogg,Subria sylvestris,Insecta,7.3206,-73.7128,False
